,target_factor_0,target_factor_1,target_factor_2,target_factor_3,target,p_target
0,0.0145094115,0.023263734,0.8392272,0.12299964,2,2
1,0.013853219,0.027271913,0.7290526,0.2298223,2,2
2,0.10251959,0.65741754,0.11868852,0.12137434,1,1
3,0.13640156,0.47658706,0.15791422,0.22909714,3,1
